ClienteID,Nome,Email
1,Daniela Dias,daniela.dias@exemplo.com
2,Tiago Freitas,tiago.freitas@exemplo.com
3,Fernanda Lima,fernanda.lima@exemplo.com
4,Vitória Pereira,vitória.pereira@exemplo.com
5,Patrícia Oliveira,patrícia.oliveira@exemplo.com
6,Natália Rocha,natália.rocha@exemplo.com
7,Daniela Dias,daniela.dias@exemplo.com
8,Gabriel Silva,gabriel.silva@exemplo.com
9,Eduardo Oliveira,eduardo.oliveira@exemplo.com
10,Gabriel Almeida,gabriel.almeida@exemplo.com
11,Patrícia Ribeiro,patrícia.ribeiro@exemplo.com
12,Otávio Costa,otávio.costa@exemplo.com
13,Kleber Ribeiro,kleber.ribeiro@exemplo.com
14,Fernanda Araújo,fernanda.araújo@exemplo.com
15,Vitória Melo,vitória.melo@exemplo.com
16,Natália Gomes,natália.gomes@exemplo.com
17,Natália Araújo,natália.araújo@exemplo.com
18,Larissa Martins,larissa.martins@exemplo.com
19,Igor Rodrigues,igor.rodrigues@exemplo.com
20,Eduardo Araújo,eduardo.araújo@exemplo.com
21,Marcos Freitas,marcos.freitas@exemplo.com
22,Daniela Rodrigues,daniela.rodrigues@exemplo.com
23,Tiago Dias,tiago.dias@exemplo.com
24,Larissa Pereira,larissa.pereira@exemplo.com
25,Natália Pereira,natália.pereira@exemplo.com
26,Larissa Almeida,larissa.almeida@exemplo.com
27,Fernanda Ribeiro,fernanda.ribeiro@exemplo.com
28,Marcos Almeida,marcos.almeida@exemplo.com
29,Helena Silva,helena.silva@exemplo.com
30,Marcos Freitas,marcos.freitas@exemplo.com
31,Daniela Ribeiro,daniela.ribeiro@exemplo.com
32,Eduardo Gomes,eduardo.gomes@exemplo.com
33,Tiago Souza,tiago.souza@exemplo.com
34,Rafael Ribeiro,rafael.ribeiro@exemplo.com
35,Igor Barbosa,igor.barbosa@exemplo.com
36,Natália Lima,natália.lima@exemplo.com
37,Carlos Rodrigues,carlos.rodrigues@exemplo.com
38,Carlos Carvalho,carlos.carvalho@exemplo.com
39,Bruno Araújo,bruno.araújo@exemplo.com
40,Vitória Martins,vitória.martins@exemplo.com
41,Eduardo Pereira,eduardo.pereira@exemplo.com
42,Vitória Dias,vitória.dias@exemplo.com
43,Patrícia Carvalho,patrícia.carvalho@exemplo.com
44,Helena Silva,helena.silva@exemplo.com
45,Eduardo Ribeiro,eduardo.ribeiro@exemplo.com
46,Gabriel Nascimento,gabriel.nascimento@exemplo.com
47,Igor Silva,igor.silva@exemplo.com
48,Tiago Ribeiro,tiago.ribeiro@exemplo.com
49,Patrícia Dias,patrícia.dias@exemplo.com
50,Marcos Rocha,marcos.rocha@exemplo.com
51,Kleber Lima,kleber.lima@exemplo.com
52,Bruno Dias,bruno.dias@exemplo.com
53,Tiago Martins,tiago.martins@exemplo.com
54,Rafael Barbosa,rafael.barbosa@exemplo.com
55,Otávio Dias,otávio.dias@exemplo.com
56,Joana Rocha,joana.rocha@exemplo.com
57,Eduardo Rocha,eduardo.rocha@exemplo.com
58,Joana Ribeiro,joana.ribeiro@exemplo.com
59,Fernanda Gomes,fernanda.gomes@exemplo.com
60,Joana Pereira,joana.pereira@exemplo.com
61,Larissa Silva,larissa.silva@exemplo.com
62,Tiago Almeida,tiago.almeida@exemplo.com
63,Larissa Pereira,larissa.pereira@exemplo.com
64,Igor Rocha,igor.rocha@exemplo.com
65,Natália Souza,natália.souza@exemplo.com
66,Daniela Oliveira,daniela.oliveira@exemplo.com
67,Sofia Rodrigues,sofia.rodrigues@exemplo.com
68,Carlos Araújo,carlos.araújo@exemplo.com
69,Bruno Freitas,bruno.freitas@exemplo.com
70,Otávio Araújo,otávio.araújo@exemplo.com
71,Otávio Dias,otávio.dias@exemplo.com
72,Vitória Gomes,vitória.gomes@exemplo.com
73,Tiago Gomes,tiago.gomes@exemplo.com
74,Bruno Costa,bruno.costa@exemplo.com
75,Natália Lima,natália.lima@exemplo.com
76,Natália Nascimento,natália.nascimento@exemplo.com
77,Eduardo Fernandes,eduardo.fernandes@exemplo.com
78,Tiago Almeida,tiago.almeida@exemplo.com
79,Larissa Freitas,larissa.freitas@exemplo.com
80,Larissa Almeida,larissa.almeida@exemplo.com
81,Natália Nascimento,natália.nascimento@exemplo.com
82,Gabriel Carvalho,gabriel.carvalho@exemplo.com
83,Marcos Oliveira,marcos.oliveira@exemplo.com
84,Kleber Melo,kleber.melo@exemplo.com
85,Marcos Pereira,marcos.pereira@exemplo.com
86,Gabriel Dias,gabriel.dias@exemplo.com
87,Bruno Araújo,bruno.araújo@exemplo.com
88,Vitória Araújo,vitória.araújo@exemplo.com
89,Bruno Pereira,bruno.pereira@exemplo.com
90,Ana Araújo,ana.araújo@exemplo.com
91,Sofia Martins,sofia.martins@exemplo.com
92,Kleber Carvalho,kleber.carvalho@exemplo.com
93,Natália Silva,natália.silva@exemplo.com
94,Bruno Ribeiro,bruno.ribeiro@exemplo.com
95,Patrícia Araújo,patrícia.araújo@exemplo.com
96,Rafael Melo,rafael.melo@exemplo.com
97,Sofia Dias,sofia.dias@exemplo.com
98,Bruno Souza,bruno.souza@exemplo.com
99,Rafael Oliveira,rafael.oliveira@exemplo.com
100,Rafael Lima,rafael.lima@exemplo.com
101,Igor Rodrigues,igor.rodrigues@exemplo.com
102,Igor Gomes,igor.gomes@exemplo.com
103,Fernanda Nascimento,fernanda.nascimento@exemplo.com
104,Bruno Rocha,bruno.rocha@exemplo.com
105,Daniela Silva,daniela.silva@exemplo.com
106,Ana Gomes,ana.gomes@exemplo.com
107,Vitória Souza,vitória.souza@exemplo.com
108,Natália Nascimento,natália.nascimento@exemplo.com
109,Gabriel Costa,gabriel.costa@exemplo.com
110,Joana Rodrigues,joana.rodrigues@exemplo.com
111,Gabriel Fernandes,gabriel.fernandes@exemplo.com
112,Daniela Gomes,daniela.gomes@exemplo.com
113,Kleber Barbosa,kleber.barbosa@exemplo.com
114,Sofia Fernandes,sofia.fernandes@exemplo.com
115,Patrícia Carvalho,patrícia.carvalho@exemplo.com
116,Bruno Dias,bruno.dias@exemplo.com
117,Kleber Silva,kleber.silva@exemplo.com
118,Fernanda Martins,fernanda.martins@exemplo.com
119,Otávio Martins,otávio.martins@exemplo.com
120,Kleber Rodrigues,kleber.rodrigues@exemplo.com
121,Bruno Silva,bruno.silva@exemplo.com
122,Sofia Pereira,sofia.pereira@exemplo.com
123,Eduardo Pereira,eduardo.pereira@exemplo.com
124,Bruno Almeida,bruno.almeida@exemplo.com
125,Bruno Costa,bruno.costa@exemplo.com
126,Joana Nascimento,joana.nascimento@exemplo.com
127,Igor Almeida,igor.almeida@exemplo.com
128,Ana Silva,ana.silva@exemplo.com
129,Patrícia Martins,patrícia.martins@exemplo.com
130,Natália Carvalho,natália.carvalho@exemplo.com
131,Marcos Ribeiro,marcos.ribeiro@exemplo.com
132,Carlos Ribeiro,carlos.ribeiro@exemplo.com
133,Eduardo Lima,eduardo.lima@exemplo.com
134,Vitória Martins,vitória.martins@exemplo.com
135,Helena Rodrigues,helena.rodrigues@exemplo.com
136,Natália Costa,natália.costa@exemplo.com
137,Larissa Dias,larissa.dias@exemplo.com
138,Sofia Fernandes,sofia.fernandes@exemplo.com
139,Kleber Ribeiro,kleber.ribeiro@exemplo.com
140,Fernanda Carvalho,fernanda.carvalho@exemplo.com
141,Marcos Nascimento,marcos.nascimento@exemplo.com
142,Vitória Souza,vitória.souza@exemplo.com
143,Igor Araújo,igor.araújo@exemplo.com
144,Bruno Araújo,bruno.araújo@exemplo.com
145,Gabriel Oliveira,gabriel.oliveira@exemplo.com
146,Fernanda Ribeiro,fernanda.ribeiro@exemplo.com
147,Otávio Barbosa,otávio.barbosa@exemplo.com
148,Fernanda Gomes,fernanda.gomes@exemplo.com
149,Gabriel Martins,gabriel.martins@exemplo.com
150,Patrícia Rocha,patrícia.rocha@exemplo.com
151,Igor Pereira,igor.pereira@exemplo.com
152,Marcos Carvalho,marcos.carvalho@exemplo.com
153,Sofia Carvalho,sofia.carvalho@exemplo.com
154,Daniela Costa,daniela.costa@exemplo.com
155,Larissa Rocha,larissa.rocha@exemplo.com
156,Gabriel Carvalho,gabriel.carvalho@exemplo.com
157,Vitória Pereira,vitória.pereira@exemplo.com
158,Rafael Dias,rafael.dias@exemplo.com
159,Natália Melo,natália.melo@exemplo.com
160,Daniela Rodrigues,daniela.rodrigues@exemplo.com
161,Igor Barbosa,igor.barbosa@exemplo.com
162,Natália Lima,natália.lima@exemplo.com
163,Gabriel Martins,gabriel.martins@exemplo.com
164,Gabriel Araújo,gabriel.araújo@exemplo.com
165,Gabriel Carvalho,gabriel.carvalho@exemplo.com
166,Vitória Araújo,vitória.araújo@exemplo.com
167,Marcos Carvalho,marcos.carvalho@exemplo.com
168,Ana Pereira,ana.pereira@exemplo.com
169,Eduardo Costa,eduardo.costa@exemplo.com
170,Gabriel Nascimento,gabriel.nascimento@exemplo.com
171,Otávio Araújo,otávio.araújo@exemplo.com
172,Sofia Almeida,sofia.almeida@exemplo.com
173,Fernanda Araújo,fernanda.araújo@exemplo.com
174,Tiago Freitas,tiago.freitas@exemplo.com
175,Larissa Silva,larissa.silva@exemplo.com
176,Joana Silva,joana.silva@exemplo.com
177,Daniela Melo,daniela.melo@exemplo.com
178,Igor Araújo,igor.araújo@exemplo.com
179,Carlos Fernandes,carlos.fernandes@exemplo.com
180,Vitória Almeida,vitória.almeida@exemplo.com
181,Joana Lima,joana.lima@exemplo.com
182,Larissa Nascimento,larissa.nascimento@exemplo.com
183,Larissa Dias,larissa.dias@exemplo.com
184,Larissa Fernandes,larissa.fernandes@exemplo.com
185,Larissa Freitas,larissa.freitas@exemplo.com
186,Natália Gomes,natália.gomes@exemplo.com
187,Daniela Melo,daniela.melo@exemplo.com
188,Helena Rodrigues,helena.rodrigues@exemplo.com
189,Fernanda Carvalho,fernanda.carvalho@exemplo.com
190,Helena Gomes,helena.gomes@exemplo.com
191,Helena Oliveira,helena.oliveira@exemplo.com
192,Natália Nascimento,natália.nascimento@exemplo.com
193,Kleber Oliveira,kleber.oliveira@exemplo.com
194,Helena Gomes,helena.gomes@exemplo.com
195,Fernanda Lima,fernanda.lima@exemplo.com
196,Sofia Souza,sofia.souza@exemplo.com
197,Gabriel Dias,gabriel.dias@exemplo.com
198,Bruno Souza,bruno.souza@exemplo.com
199,Fernanda Araújo,fernanda.araújo@exemplo.com
200,Eduardo Melo,eduardo.melo@exemplo.com
201,Marcos Araújo,marcos.araújo@exemplo.com
202,Gabriel Gomes,gabriel.gomes@exemplo.com
203,Eduardo Melo,eduardo.melo@exemplo.com
204,Patrícia Almeida,patrícia.almeida@exemplo.com
205,Kleber Silva,kleber.silva@exemplo.com
206,Bruno Lima,bruno.lima@exemplo.com
207,Vitória Ribeiro,vitória.ribeiro@exemplo.com
208,Otávio Araújo,otávio.araújo@exemplo.com
209,Natália Rodrigues,natália.rodrigues@exemplo.com
210,Vitória Pereira,vitória.pereira@exemplo.com
211,Natália Rodrigues,natália.rodrigues@exemplo.com
212,Larissa Freitas,larissa.freitas@exemplo.com
213,Tiago Nascimento,tiago.nascimento@exemplo.com
214,Kleber Almeida,kleber.almeida@exemplo.com
215,Joana Rocha,joana.rocha@exemplo.com
216,Eduardo Rocha,eduardo.rocha@exemplo.com
217,Larissa Ribeiro,larissa.ribeiro@exemplo.com
218,Helena Pereira,helena.pereira@exemplo.com
219,Bruno Pereira,bruno.pereira@exemplo.com
220,Helena Barbosa,helena.barbosa@exemplo.com
221,Otávio Gomes,otávio.gomes@exemplo.com
222,Rafael Almeida,rafael.almeida@exemplo.com
223,Sofia Rocha,sofia.rocha@exemplo.com
224,Gabriel Freitas,gabriel.freitas@exemplo.com
225,Patrícia Ribeiro,patrícia.ribeiro@exemplo.com
226,Otávio Rocha,otávio.rocha@exemplo.com
227,Natália Almeida,natália.almeida@exemplo.com
228,Joana Martins,joana.martins@exemplo.com
229,Fernanda Barbosa,fernanda.barbosa@exemplo.com
230,Larissa Almeida,larissa.almeida@exemplo.com
231,Igor Rodrigues,igor.rodrigues@exemplo.com
232,Bruno Melo,bruno.melo@exemplo.com
233,Daniela Ribeiro,daniela.ribeiro@exemplo.com
234,Tiago Carvalho,tiago.carvalho@exemplo.com
235,Daniela Nascimento,daniela.nascimento@exemplo.com
236,Tiago Rodrigues,tiago.rodrigues@exemplo.com
237,Tiago Carvalho,tiago.carvalho@exemplo.com
238,Eduardo Melo,eduardo.melo@exemplo.com
239,Marcos Nascimento,marcos.nascimento@exemplo.com
240,Carlos Oliveira,carlos.oliveira@exemplo.com
241,Igor Souza,igor.souza@exemplo.com
242,Patrícia Gomes,patrícia.gomes@exemplo.com
243,Helena Oliveira,helena.oliveira@exemplo.com
244,Ana Carvalho,ana.carvalho@exemplo.com
245,Vitória Carvalho,vitória.carvalho@exemplo.com
246,Helena Souza,helena.souza@exemplo.com
247,Helena Rocha,helena.rocha@exemplo.com
248,Helena Freitas,helena.freitas@exemplo.com
249,Natália Silva,natália.silva@exemplo.com
250,Sofia Rodrigues,sofia.rodrigues@exemplo.com
251,Otávio Oliveira,otávio.oliveira@exemplo.com
252,Helena Barbosa,helena.barbosa@exemplo.com
253,Eduardo Rocha,eduardo.rocha@exemplo.com
254,Natália Martins,natália.martins@exemplo.com
255,Vitória Costa,vitória.costa@exemplo.com
256,Igor Dias,igor.dias@exemplo.com
257,Eduardo Costa,eduardo.costa@exemplo.com
258,Gabriel Melo,gabriel.melo@exemplo.com
259,Marcos Dias,marcos.dias@exemplo.com
260,Tiago Freitas,tiago.freitas@exemplo.com
261,Larissa Araújo,larissa.araújo@exemplo.com
262,Ana Dias,ana.dias@exemplo.com
263,Igor Silva,igor.silva@exemplo.com
264,Kleber Costa,kleber.costa@exemplo.com
265,Igor Araújo,igor.araújo@exemplo.com
266,Marcos Ribeiro,marcos.ribeiro@exemplo.com
267,Eduardo Gomes,eduardo.gomes@exemplo.com
268,Daniela Martins,daniela.martins@exemplo.com
269,Fernanda Costa,fernanda.costa@exemplo.com
270,Larissa Ribeiro,larissa.ribeiro@exemplo.com
271,Bruno Carvalho,bruno.carvalho@exemplo.com
272,Daniela Silva,daniela.silva@exemplo.com
273,Tiago Fernandes,tiago.fernandes@exemplo.com
274,Joana Rocha,joana.rocha@exemplo.com
275,Marcos Lima,marcos.lima@exemplo.com
276,Larissa Melo,larissa.melo@exemplo.com
277,Kleber Nascimento,kleber.nascimento@exemplo.com
278,Rafael Carvalho,rafael.carvalho@exemplo.com
279,Patrícia Barbosa,patrícia.barbosa@exemplo.com
280,Carlos Lima,carlos.lima@exemplo.com
281,Bruno Lima,bruno.lima@exemplo.com
282,Kleber Gomes,kleber.gomes@exemplo.com
283,Larissa Martins,larissa.martins@exemplo.com
284,Ana Costa,ana.costa@exemplo.com
285,Tiago Gomes,tiago.gomes@exemplo.com
286,Eduardo Freitas,eduardo.freitas@exemplo.com
287,Natália Almeida,natália.almeida@exemplo.com
288,Carlos Souza,carlos.souza@exemplo.com
289,Ana Rocha,ana.rocha@exemplo.com
290,Natália Costa,natália.costa@exemplo.com
291,Joana Costa,joana.costa@exemplo.com
292,Natália Gomes,natália.gomes@exemplo.com
293,Bruno Dias,bruno.dias@exemplo.com
294,Otávio Souza,otávio.souza@exemplo.com
295,Daniela Fernandes,daniela.fernandes@exemplo.com
296,Larissa Pereira,larissa.pereira@exemplo.com
297,Vitória Pereira,vitória.pereira@exemplo.com
298,Joana Costa,joana.costa@exemplo.com
299,Marcos Silva,marcos.silva@exemplo.com
300,Sofia Martins,sofia.martins@exemplo.com
301,Daniela Dias,daniela.dias@exemplo.com
302,Vitória Costa,vitória.costa@exemplo.com
303,Daniela Rocha,daniela.rocha@exemplo.com
304,Natália Dias,natália.dias@exemplo.com
305,Otávio Nascimento,otávio.nascimento@exemplo.com
306,Marcos Fernandes,marcos.fernandes@exemplo.com
307,Sofia Martins,sofia.martins@exemplo.com
308,Gabriel Rodrigues,gabriel.rodrigues@exemplo.com
309,Rafael Almeida,rafael.almeida@exemplo.com
310,Bruno Freitas,bruno.freitas@exemplo.com
311,Daniela Almeida,daniela.almeida@exemplo.com
312,Patrícia Rodrigues,patrícia.rodrigues@exemplo.com
313,Gabriel Lima,gabriel.lima@exemplo.com
314,Tiago Melo,tiago.melo@exemplo.com
315,Joana Dias,joana.dias@exemplo.com
316,Joana Costa,joana.costa@exemplo.com
317,Helena Rodrigues,helena.rodrigues@exemplo.com
318,Patrícia Freitas,patrícia.freitas@exemplo.com
319,Daniela Lima,daniela.lima@exemplo.com
320,Natália Carvalho,natália.carvalho@exemplo.com
321,Larissa Dias,larissa.dias@exemplo.com
322,Eduardo Almeida,eduardo.almeida@exemplo.com
323,Natália Araújo,natália.araújo@exemplo.com
324,Patrícia Rodrigues,patrícia.rodrigues@exemplo.com
325,Helena Fernandes,helena.fernandes@exemplo.com
326,Helena Melo,helena.melo@exemplo.com
327,Natália Rocha,natália.rocha@exemplo.com
328,Vitória Freitas,vitória.freitas@exemplo.com
329,Larissa Barbosa,larissa.barbosa@exemplo.com
330,Patrícia Lima,patrícia.lima@exemplo.com
331,Igor Rocha,igor.rocha@exemplo.com
332,Daniela Costa,daniela.costa@exemplo.com
333,Kleber Lima,kleber.lima@exemplo.com
334,Gabriel Dias,gabriel.dias@exemplo.com
335,Joana Costa,joana.costa@exemplo.com
336,Bruno Rocha,bruno.rocha@exemplo.com
337,Carlos Costa,carlos.costa@exemplo.com
338,Marcos Rodrigues,marcos.rodrigues@exemplo.com
339,Fernanda Melo,fernanda.melo@exemplo.com
340,Natália Rodrigues,natália.rodrigues@exemplo.com
341,Larissa Rocha,larissa.rocha@exemplo.com
342,Joana Oliveira,joana.oliveira@exemplo.com
343,Helena Carvalho,helena.carvalho@exemplo.com
344,Otávio Rocha,otávio.rocha@exemplo.com
345,Vitória Melo,vitória.melo@exemplo.com
346,Rafael Lima,rafael.lima@exemplo.com
347,Tiago Souza,tiago.souza@exemplo.com
348,Larissa Oliveira,larissa.oliveira@exemplo.com
349,Helena Gomes,helena.gomes@exemplo.com
350,Tiago Ribeiro,tiago.ribeiro@exemplo.com
351,Vitória Fernandes,vitória.fernandes@exemplo.com
352,Igor Pereira,igor.pereira@exemplo.com
353,Daniela Fernandes,daniela.fernandes@exemplo.com
354,Daniela Freitas,daniela.freitas@exemplo.com
355,Otávio Freitas,otávio.freitas@exemplo.com
356,Sofia Rocha,sofia.rocha@exemplo.com
357,Kleber Souza,kleber.souza@exemplo.com
358,Bruno Nascimento,bruno.nascimento@exemplo.com
359,Natália Melo,natália.melo@exemplo.com
360,Eduardo Araújo,eduardo.araújo@exemplo.com
361,Larissa Ribeiro,larissa.ribeiro@exemplo.com
362,Daniela Pereira,daniela.pereira@exemplo.com
363,Ana Araújo,ana.araújo@exemplo.com
364,Kleber Almeida,kleber.almeida@exemplo.com
365,Rafael Barbosa,rafael.barbosa@exemplo.com
366,Natália Rocha,natália.rocha@exemplo.com
367,Rafael Pereira,rafael.pereira@exemplo.com
368,Joana Freitas,joana.freitas@exemplo.com
369,Patrícia Nascimento,patrícia.nascimento@exemplo.com
370,Helena Rodrigues,helena.rodrigues@exemplo.com
371,Gabriel Martins,gabriel.martins@exemplo.com
372,Vitória Costa,vitória.costa@exemplo.com
373,Otávio Dias,otávio.dias@exemplo.com
374,Joana Almeida,joana.almeida@exemplo.com
375,Gabriel Nascimento,gabriel.nascimento@exemplo.com
376,Patrícia Fernandes,patrícia.fernandes@exemplo.com
377,Otávio Nascimento,otávio.nascimento@exemplo.com
378,Sofia Freitas,sofia.freitas@exemplo.com
379,Ana Dias,ana.dias@exemplo.com
380,Otávio Martins,otávio.martins@exemplo.com
381,Ana Freitas,ana.freitas@exemplo.com
382,Gabriel Freitas,gabriel.freitas@exemplo.com
383,Tiago Ribeiro,tiago.ribeiro@exemplo.com
384,Carlos Ribeiro,carlos.ribeiro@exemplo.com
385,Marcos Pereira,marcos.pereira@exemplo.com
386,Bruno Souza,bruno.souza@exemplo.com
387,Sofia Carvalho,sofia.carvalho@exemplo.com
388,Fernanda Carvalho,fernanda.carvalho@exemplo.com
389,Vitória Oliveira,vitória.oliveira@exemplo.com
390,Vitória Oliveira,vitória.oliveira@exemplo.com
391,Rafael Lima,rafael.lima@exemplo.com
392,Marcos Souza,marcos.souza@exemplo.com
393,Ana Silva,ana.silva@exemplo.com
394,Otávio Nascimento,otávio.nascimento@exemplo.com
395,Carlos Rocha,carlos.rocha@exemplo.com
396,Ana Souza,ana.souza@exemplo.com
397,Natália Nascimento,natália.nascimento@exemplo.com
398,Larissa Araújo,larissa.araújo@exemplo.com
399,Helena Almeida,helena.almeida@exemplo.com
400,Kleber Oliveira,kleber.oliveira@exemplo.com
401,Carlos Silva,carlos.silva@exemplo.com
402,Kleber Barbosa,kleber.barbosa@exemplo.com
403,Bruno Silva,bruno.silva@exemplo.com
404,Ana Fernandes,ana.fernandes@exemplo.com
405,Tiago Costa,tiago.costa@exemplo.com
406,Sofia Souza,sofia.souza@exemplo.com
407,Carlos Carvalho,carlos.carvalho@exemplo.com
408,Eduardo Fernandes,eduardo.fernandes@exemplo.com
409,Vitória Freitas,vitória.freitas@exemplo.com
410,Eduardo Lima,eduardo.lima@exemplo.com
411,Ana Nascimento,ana.nascimento@exemplo.com
412,Daniela Silva,daniela.silva@exemplo.com
413,Larissa Costa,larissa.costa@exemplo.com
414,Otávio Freitas,otávio.freitas@exemplo.com
415,Otávio Souza,otávio.souza@exemplo.com
416,Larissa Carvalho,larissa.carvalho@exemplo.com
417,Igor Melo,igor.melo@exemplo.com
418,Sofia Fernandes,sofia.fernandes@exemplo.com
419,Gabriel Carvalho,gabriel.carvalho@exemplo.com
420,Natália Oliveira,natália.oliveira@exemplo.com
421,Bruno Pereira,bruno.pereira@exemplo.com
422,Vitória Barbosa,vitória.barbosa@exemplo.com
423,Otávio Silva,otávio.silva@exemplo.com
424,Eduardo Pereira,eduardo.pereira@exemplo.com
425,Patrícia Lima,patrícia.lima@exemplo.com
426,Sofia Martins,sofia.martins@exemplo.com
427,Gabriel Dias,gabriel.dias@exemplo.com
428,Fernanda Gomes,fernanda.gomes@exemplo.com
429,Fernanda Nascimento,fernanda.nascimento@exemplo.com
430,Patrícia Freitas,patrícia.freitas@exemplo.com
431,Helena Gomes,helena.gomes@exemplo.com
432,Marcos Melo,marcos.melo@exemplo.com
433,Otávio Carvalho,otávio.carvalho@exemplo.com
434,Ana Pereira,ana.pereira@exemplo.com
435,Sofia Silva,sofia.silva@exemplo.com
436,Natália Gomes,natália.gomes@exemplo.com
437,Larissa Carvalho,larissa.carvalho@exemplo.com
438,Joana Araújo,joana.araújo@exemplo.com
439,Vitória Costa,vitória.costa@exemplo.com
440,Gabriel Carvalho,gabriel.carvalho@exemplo.com
441,Joana Dias,joana.dias@exemplo.com
442,Vitória Almeida,vitória.almeida@exemplo.com
443,Carlos Freitas,carlos.freitas@exemplo.com
444,Patrícia Martins,patrícia.martins@exemplo.com
445,Gabriel Souza,gabriel.souza@exemplo.com
446,Patrícia Lima,patrícia.lima@exemplo.com
447,Otávio Ribeiro,otávio.ribeiro@exemplo.com
448,Helena Rocha,helena.rocha@exemplo.com
449,Larissa Fernandes,larissa.fernandes@exemplo.com
450,Kleber Oliveira,kleber.oliveira@exemplo.com
451,Kleber Pereira,kleber.pereira@exemplo.com
452,Fernanda Oliveira,fernanda.oliveira@exemplo.com
453,Kleber Melo,kleber.melo@exemplo.com
454,Tiago Martins,tiago.martins@exemplo.com
455,Tiago Gomes,tiago.gomes@exemplo.com
456,Vitória Rocha,vitória.rocha@exemplo.com
457,Carlos Oliveira,carlos.oliveira@exemplo.com
458,Marcos Almeida,marcos.almeida@exemplo.com
459,Daniela Carvalho,daniela.carvalho@exemplo.com
460,Tiago Costa,tiago.costa@exemplo.com
461,Kleber Almeida,kleber.almeida@exemplo.com
462,Igor Nascimento,igor.nascimento@exemplo.com
463,Larissa Pereira,larissa.pereira@exemplo.com
464,Igor Barbosa,igor.barbosa@exemplo.com
465,Tiago Costa,tiago.costa@exemplo.com
466,Patrícia Gomes,patrícia.gomes@exemplo.com
467,Gabriel Fernandes,gabriel.fernandes@exemplo.com
468,Rafael Fernandes,rafael.fernandes@exemplo.com
469,Larissa Almeida,larissa.almeida@exemplo.com
470,Kleber Fernandes,kleber.fernandes@exemplo.com
471,Ana Silva,ana.silva@exemplo.com
472,Carlos Gomes,carlos.gomes@exemplo.com
473,Natália Lima,natália.lima@exemplo.com
474,Patrícia Gomes,patrícia.gomes@exemplo.com
475,Tiago Freitas,tiago.freitas@exemplo.com
476,Joana Oliveira,joana.oliveira@exemplo.com
477,Larissa Araújo,larissa.araújo@exemplo.com
478,Patrícia Silva,patrícia.silva@exemplo.com
479,Joana Ribeiro,joana.ribeiro@exemplo.com
480,Daniela Silva,daniela.silva@exemplo.com
481,Daniela Carvalho,daniela.carvalho@exemplo.com
482,Rafael Lima,rafael.lima@exemplo.com
483,Igor Martins,igor.martins@exemplo.com
484,Vitória Gomes,vitória.gomes@exemplo.com
485,Natália Carvalho,natália.carvalho@exemplo.com
486,Igor Pereira,igor.pereira@exemplo.com
487,Bruno Martins,bruno.martins@exemplo.com
488,Vitória Oliveira,vitória.oliveira@exemplo.com
489,Joana Dias,joana.dias@exemplo.com
490,Natália Pereira,natália.pereira@exemplo.com
491,Carlos Ribeiro,carlos.ribeiro@exemplo.com
492,Natália Rocha,natália.rocha@exemplo.com
493,Gabriel Souza,gabriel.souza@exemplo.com
494,Ana Martins,ana.martins@exemplo.com
495,Bruno Martins,bruno.martins@exemplo.com
496,Vitória Almeida,vitória.almeida@exemplo.com
497,Tiago Costa,tiago.costa@exemplo.com
498,Eduardo Oliveira,eduardo.oliveira@exemplo.com
499,Helena Pereira,helena.pereira@exemplo.com
500,Natália Gomes,natália.gomes@exemplo.com
